<?xml version="1.0" encoding="UTF-8"?>
<LANDSAT_METADATA_FILE>
  <PRODUCT_CONTENTS>
    <ORIGIN>Image courtesy of the U.S. Geological Survey</ORIGIN>
    <DIGITAL_OBJECT_IDENTIFIER>https://doi.org/10.5066/P9AF14YV</DIGITAL_OBJECT_IDENTIFIER>
    <LANDSAT_PRODUCT_ID>LM05_L1TP_200030_20121230_20200820_02_T2</LANDSAT_PRODUCT_ID>
    <PROCESSING_LEVEL>L1TP</PROCESSING_LEVEL>
    <COLLECTION_NUMBER>02</COLLECTION_NUMBER>
    <COLLECTION_CATEGORY>T2</COLLECTION_CATEGORY>
    <OUTPUT_FORMAT>GEOTIFF</OUTPUT_FORMAT>
    <FILE_NAME_BAND_1>LM05_L1TP_200030_20121230_20200820_02_T2_B1.TIF</FILE_NAME_BAND_1>
    <FILE_NAME_BAND_2>LM05_L1TP_200030_20121230_20200820_02_T2_B2.TIF</FILE_NAME_BAND_2>
    <FILE_NAME_BAND_3>LM05_L1TP_200030_20121230_20200820_02_T2_B3.TIF</FILE_NAME_BAND_3>
    <FILE_NAME_BAND_4>LM05_L1TP_200030_20121230_20200820_02_T2_B4.TIF</FILE_NAME_BAND_4>
    <FILE_NAME_QUALITY_L1_PIXEL>LM05_L1TP_200030_20121230_20200820_02_T2_QA_PIXEL.TIF</FILE_NAME_QUALITY_L1_PIXEL>
    <FILE_NAME_QUALITY_L1_RADIOMETRIC_SATURATION>LM05_L1TP_200030_20121230_20200820_02_T2_QA_RADSAT.TIF</FILE_NAME_QUALITY_L1_RADIOMETRIC_SATURATION>
    <FILE_NAME_GROUND_CONTROL_POINT>LM05_L1TP_200030_20121230_20200820_02_T2_GCP.txt</FILE_NAME_GROUND_CONTROL_POINT>
    <FILE_NAME_METADATA_ODL>LM05_L1TP_200030_20121230_20200820_02_T2_MTL.txt</FILE_NAME_METADATA_ODL>
    <FILE_NAME_METADATA_XML>LM05_L1TP_200030_20121230_20200820_02_T2_MTL.xml</FILE_NAME_METADATA_XML>
    <FILE_NAME_VERIFY_REPORT>LM05_L1TP_200030_20121230_20200820_02_T2_VER.txt</FILE_NAME_VERIFY_REPORT>
    <FILE_NAME_VERIFY_BROWSE>LM05_L1TP_200030_20121230_20200820_02_T2_VER.jpg</FILE_NAME_VERIFY_BROWSE>
    <DATA_TYPE_BAND_1>UINT8</DATA_TYPE_BAND_1>
    <DATA_TYPE_BAND_2>UINT8</DATA_TYPE_BAND_2>
    <DATA_TYPE_BAND_3>UINT8</DATA_TYPE_BAND_3>
    <DATA_TYPE_BAND_4>UINT8</DATA_TYPE_BAND_4>
    <DATA_TYPE_QUALITY_L1_PIXEL>UINT16</DATA_TYPE_QUALITY_L1_PIXEL>
    <DATA_TYPE_QUALITY_L1_RADIOMETRIC_SATURATION>UINT16</DATA_TYPE_QUALITY_L1_RADIOMETRIC_SATURATION>
    <PRESENT_BAND_1>Y</PRESENT_BAND_1>
    <PRESENT_BAND_2>Y</PRESENT_BAND_2>
    <PRESENT_BAND_3>Y</PRESENT_BAND_3>
    <PRESENT_BAND_4>M</PRESENT_BAND_4>
  </PRODUCT_CONTENTS>
</LANDSAT_METADATA_FILE>
